filename,width,height,class,xmin,ymin,xmax,ymax
0.jpg,3264,2448,parachute hair cream,1199,515,2015,1350
0.jpg,3264,2448,dabur anmol gold coconut oil,1075,1408,2109,2187
1.jpg,3264,2448,catch kashmiri mirch,678,621,2546,1758
10.jpg,3264,2448,patanjali chyawanprash,117,847,2130,2060
100.jpg,3264,2448,loreal smooth intense serum,173,458,2388,1521
101.jpg,3264,2448,emami mustard oil,628,323,2551,1089
101.jpg,3264,2448,dabur chyawanprash,1301,1068,2530,1687
102.jpg,3264,2448,good life hing,833,629,1515,1055
102.jpg,3264,2448,catch hing,838,1076,1615,1413
103.jpg,3264,2448,ponds moisturizing lotion,730,960,2188,1605
104.jpg,3264,2448,catch hing,823,8,1215,302
104.jpg,3264,2448,catch garam masala,1194,294,2030,1097
104.jpg,3264,2448,dabur chyawanprash 2x immunity,280,781,936,1910
104.jpg,3264,2448,dabur honey,912,955,1346,1673
104.jpg,3264,2448,everest biryani masala,1328,1165,2038,2121
105.jpg,3264,2448,patanjali aloe vera gel,578,287,1891,1905
106.jpg,3264,2448,patanjali chyawanprash,480,726,2657,1908
107.jpg,3264,2448,grofers kishmish,546,355,2475,1844
108.jpg,3264,2448,grofers room freshener,212,471,3264,1537
109.jpg,3264,2448,grofers room freshener,433,973,2517,1531
11.jpg,3264,2448,loreal smooth intense serum,891,923,2178,1423
11.jpg,3264,2448,patanjali aloe vera gel,915,1342,2220,1950
110.jpg,3264,2448,loreal smooth intense serum,851,326,2259,955
110.jpg,3264,2448,patanjali aloe vera gel,1025,821,2199,1452
110.jpg,3264,2448,kiwi express shine sponge,480,1242,1554,1921
111.jpg,3264,2448,catch hing,573,731,1762,1339
111.jpg,3264,2448,kiwi express shine sponge,601,1371,2012,2237
112.jpg,3264,2448,garnier cleansing water,528,273,2486,1160
112.jpg,3264,2448,ponds moisturizing lotion,33,1231,2754,2300
113.jpg,3264,2448,dabur honey,1249,184,1962,905
113.jpg,3264,2448,catch garam masala,280,152,1283,865
113.jpg,3264,2448,catch kashmiri mirch,1,658,838,1352
113.jpg,3264,2448,bc gulab jamun,923,1202,1688,2231
114.jpg,3264,2448,good life hing,59,415,933,981
114.jpg,3264,2448,bourn vita,883,381,2275,1265
114.jpg,3264,2448,emami mustard oil,488,1258,2301,1923
115.jpg,3264,2448,dabur chyawanprash,520,1760,2515,2448
115.jpg,3264,2448,catch chicken masala,820,1018,2596,1534
115.jpg,3264,2448,everest biryani masala,883,1444,2509,1889
115.jpg,3264,2448,everest pav bhaji masala,854,626,2620,1108
115.jpg,3264,2448,catch garam masala,941,258,2633,681
116.jpg,3264,2448,loreal smooth intense serum,454,487,2678,1429
117.jpg,3264,2448,garnier cleansing water,1641,500,2491,923
117.jpg,3264,2448,ponds moisturizing lotion,1994,2,2330,515
117.jpg,3264,2448,cinthol talcum powder,633,1142,2538,1944
118.jpg,3264,2448,ponds moisturizing lotion,1007,479,2062,889
118.jpg,3264,2448,cinthol talcum powder,475,821,2188,1460
118.jpg,3264,2448,savemore glass cleaner,15,1452,2199,2131
12.jpg,3264,2448,park avenue voyage perfume,465,1047,2654,1779
13.jpg,3264,2448,grofers kishmish,549,479,2378,1850
138.jpg,3264,2448,loreal smooth intense serum,820,808,1925,1165
138.jpg,3264,2448,patanjali aloe vera gel,1083,1184,2109,1497
138.jpg,3264,2448,kiwi express shine sponge,938,1542,1825,2258
139.jpg,3264,2448,patanjali aloe vera gel,1899,529,3109,1339
139.jpg,3264,2448,kiwi express shine sponge,1357,1226,2275,1826
139.jpg,3264,2448,orange coconut oil,57,694,1849,1358
14.jpg,3264,2448,grofers room freshener,649,1860,2301,2297
14.jpg,3264,2448,kiwi express shine sponge,630,1323,1370,1744
14.jpg,3264,2448,good life hing,2165,1429,2951,1776
14.jpg,3264,2448,catch hing,1525,918,1754,1508
14.jpg,3264,2448,orange coconut oil,1617,292,2473,1360
14.jpg,3264,2448,catch chicken masala,680,426,1480,1402
140.jpg,3264,2448,loreal smooth intense serum,578,910,2251,1515
141.jpg,3264,2448,bc gulab jamun,467,694,1930,1765
142.jpg,3264,2448,patanjali aloe vera gel,375,505,2023,1647
143.jpg,3264,2448,good life hing,59,592,709,1010
143.jpg,3264,2448,catch hing,478,160,1065,692
143.jpg,3264,2448,catch chicken masala,1109,1163,2383,1984
144.jpg,3264,2448,catch chicken masala,154,184,1938,1523
144.jpg,3264,2448,kiwi express shine sponge,1025,1531,2183,2302
145.jpg,3264,2448,loreal smooth intense serum,299,579,2723,1418
145.jpg,3264,2448,patanjali aloe vera gel,728,1429,2791,2208
146.jpg,3264,2448,ponds moisturizing lotion,1133,510,1657,1818
147.jpg,3264,2448,catch kashmiri mirch,375,784,1801,1760
148.jpg,3264,2448,loreal smooth intense serum,220,537,2446,1323
148.jpg,3264,2448,patanjali aloe vera gel,709,1218,2628,2008
149.jpg,3264,2448,cinthol talcum powder,538,865,2404,1713
15.jpg,3264,2448,ponds moisturizing lotion,1059,658,2017,1015
15.jpg,3264,2448,cinthol talcum powder,683,994,2146,1481
15.jpg,3264,2448,savemore glass cleaner,162,1487,2154,2021
150.jpg,3264,2448,loreal smooth intense serum,283,437,2601,1258
150.jpg,3264,2448,patanjali aloe vera gel,770,1281,2725,2139
151.jpg,3264,2448,garnier cleansing water,954,773,2012,1284
151.jpg,3264,2448,ponds moisturizing lotion,633,1284,2201,1921
152.jpg,3264,2448,catch hing,428,634,844,1252
152.jpg,3264,2448,good life hing,99,1250,880,1644
152.jpg,3264,2448,catch chicken masala,1470,344,3015,1934
153.jpg,3264,2448,everest hing,938,737,1870,1384
154.jpg,3264,2448,ponds moisturizing lotion,1383,50,2078,1271
154.jpg,3264,2448,cinthol talcum powder,99,729,880,1789
154.jpg,3264,2448,garnier cleansing water,923,1276,2223,1902
155.jpg,3264,2448,bourn vita,1257,384,2225,2392
156.jpg,3264,2448,emami mustard oil,723,58,2736,839
156.jpg,3264,2448,dabur chyawanprash,1273,939,2441,1494
156.jpg,3264,2448,dabur chyawanprash 2x immunity,1254,1529,2346,2100
157.jpg,3264,2448,good life hing,778,623,1723,1194
157.jpg,3264,2448,orange coconut oil,309,1258,2178,1971
157.jpg,3264,2448,catch hing,1125,1979,2096,2448
158.jpg,3264,2448,ponds moisturizing lotion,799,971,2096,1518
159.jpg,3264,2448,bourn vita,1715,1229,2207,2068
16.jpg,3264,2448,bc gulab jamun,423,429,1691,1284
16.jpg,3264,2448,amul spray milk powder,262,1287,1788,2015
160.jpg,3264,2448,patanjali aloe vera gel,709,121,2365,2039
161.jpg,3264,2448,bourn vita,1144,308,2080,2218
162.jpg,3264,2448,patanjali chyawanprash,517,239,2304,1287
162.jpg,3264,2448,dabur chyawanprash 2x immunity,417,1300,2246,2200
163.jpg,3264,2448,catch chicken masala,588,652,2744,1958
164.jpg,3264,2448,yardley body spray,886,508,2546,1068
164.jpg,3264,2448,grofers room freshener,720,1142,2554,1713
165.jpg,3264,2448,bc gulab jamun,699,413,1923,1300
165.jpg,3264,2448,amul spray milk powder,683,1294,2067,2221
166.jpg,3264,2448,orange coconut oil,980,52,2473,889
166.jpg,3264,2448,catch chicken masala,646,602,1617,1468
166.jpg,3264,2448,kiwi express shine sponge,701,1521,1528,1994
166.jpg,3264,2448,grofers room freshener,1220,1210,2696,2429
167.jpg,3264,2448,loreal smooth intense serum,465,1121,2459,1815
168.jpg,3264,2448,emami mustard oil,1315,744,2028,1026
168.jpg,3264,2448,dabur chyawanprash,1454,1029,1941,1265
168.jpg,3264,2448,dabur chyawanprash 2x immunity,1417,1258,1857,1494
169.jpg,3264,2448,orange coconut oil,751,187,2007,705
169.jpg,3264,2448,catch hing,1130,726,1670,1181
169.jpg,3264,2448,catch chicken masala,378,623,1354,1339
169.jpg,3264,2448,kiwi express shine sponge,728,1415,1396,1950
169.jpg,3264,2448,grofers room freshener,1194,1247,2401,2381
17.jpg,3264,2448,catch hing,1283,247,2486,887
17.jpg,3264,2448,everest hing,1480,873,2462,1368
17.jpg,3264,2448,good life hing,1257,1392,2459,2010
17.jpg,3264,2448,catch kashmiri mirch,359,1958,2599,2448
170.jpg,3264,2448,cinthol talcum powder,694,747,2294,1447
170.jpg,3264,2448,savemore glass cleaner,54,1402,2325,2034
171.jpg,3264,2448,ponds moisturizing lotion,946,1000,2449,1610
172.jpg,3264,2448,bourn vita,388,663,2601,2068
173.jpg,3264,2448,dabur anmol gold coconut oil,1020,1437,2012,2244
173.jpg,3264,2448,parachute hair cream,1165,600,1957,1415
174.jpg,3264,2448,kiwi express shine sponge,486,239,2159,1323
174.jpg,3264,2448,loreal smooth intense serum,549,1313,2696,2218
175.jpg,3264,2448,good life hing,225,789,862,1168
175.jpg,3264,2448,catch hing,612,350,1201,902
175.jpg,3264,2448,catch chicken masala,1201,1239,2449,1997
176.jpg,3264,2448,dabur anmol gold coconut oil,886,537,2267,1618
177.jpg,3264,2448,yardley body spray,178,773,2504,1476
178.jpg,3264,2448,everest hing,1407,529,2186,1087
178.jpg,3264,2448,good life hing,1365,1155,2333,1747
179.jpg,3264,2448,amul spray milk powder,707,123,2444,1410
18.jpg,3264,2448,emami mustard oil,799,276,2325,802
18.jpg,3264,2448,dabur chyawanprash,1315,823,2299,1273
18.jpg,3264,2448,dabur chyawanprash 2x immunity,1480,1547,2741,2173
180.jpg,3264,2448,dabur chyawanprash,454,739,2438,1826
180.jpg,3264,2448,everest biryani masala,80,2242,951,2448
181.jpg,3264,2448,bourn vita,544,742,2667,1958
182.jpg,3264,2448,yardley body spray,538,542,2870,1215
183.jpg,3264,2448,dabur chyawanprash,365,155,1925,1129
183.jpg,3264,2448,dabur chyawanprash 2x immunity,196,1092,1836,1939
184.jpg,3264,2448,everest biryani masala,954,1600,1938,2263
184.jpg,3264,2448,catch garam masala,796,844,2028,1229
184.jpg,3264,2448,catch chicken masala,667,1281,1923,1600
184.jpg,3264,2448,everest pav bhaji masala,767,134,1949,913
185.jpg,3264,2448,dabur chyawanprash,851,815,1217,1505
185.jpg,3264,2448,dabur chyawanprash 2x immunity,1217,873,1612,1558
185.jpg,3264,2448,emami mustard oil,1678,618,2075,1676
186.jpg,3264,2448,dabur anmol gold coconut oil,1044,1608,2109,2392
186.jpg,3264,2448,parachute hair cream,1236,663,2036,1531
187.jpg,3264,2448,everest biryani masala,1009,218,2173,1158
187.jpg,3264,2448,catch garam masala,807,1226,2241,2215
188.jpg,3264,2448,catch hing,970,450,1888,950
188.jpg,3264,2448,everest hing,1083,1026,1873,1568
188.jpg,3264,2448,good life hing,1041,1634,1991,2268
189.jpg,3264,2448,catch hing,907,602,1625,1068
189.jpg,3264,2448,goodnight,794,1126,1638,1658
19.jpg,3264,2448,emami mustard oil,44,655,2744,1963
190.jpg,3264,2448,grofers kishmish,646,387,2394,1944
191.jpg,3264,2448,cinthol talcum powder,599,476,2854,1334
191.jpg,3264,2448,garnier cleansing water,1051,1315,2070,1752
191.jpg,3264,2448,ponds moisturizing lotion,717,1739,2241,2371
192.jpg,3264,2448,catch garam masala,391,213,1315,876
192.jpg,3264,2448,dabur honey,196,821,1244,1334
192.jpg,3264,2448,everest biryani masala,862,1310,2070,2352
193.jpg,3264,2448,dabur anmol gold coconut oil,809,723,1901,1568
194.jpg,3264,2448,cinthol talcum powder,838,697,2349,1318
194.jpg,3264,2448,savemore glass cleaner,223,1310,2375,1923
195.jpg,3264,2448,everest biryani masala,846,673,2912,1884
196.jpg,3264,2448,goodnight,544,752,1899,1652
197.jpg,3264,2448,good life hing,1465,300,2038,631
197.jpg,3264,2448,catch hing,1875,526,2288,1052
197.jpg,3264,2448,emami mustard oil,101,634,1988,1263
197.jpg,3264,2448,dabur chyawanprash,478,1363,1459,1871
197.jpg,3264,2448,dabur chyawanprash 2x immunity,1523,1234,2815,2329
198.jpg,3264,2448,bc gulab jamun,899,813,2094,1713
199.jpg,3264,2448,cinthol talcum powder,1412,615,2728,1144
199.jpg,3264,2448,garnier cleansing water,1675,1126,2317,1402
199.jpg,3264,2448,ponds moisturizing lotion,1488,1389,2407,1805
20.jpg,3264,2448,everest pav bhaji masala,904,65,2254,876
20.jpg,3264,2448,catch garam masala,888,808,2270,1202
20.jpg,3264,2448,catch chicken masala,878,1268,2209,1600
20.jpg,3264,2448,everest biryani masala,896,1594,2325,2313
200.jpg,3264,2448,ponds moisturizing lotion,1788,92,2215,918
200.jpg,3264,2448,garnier cleansing water,1680,908,2359,1300
200.jpg,3264,2448,cinthol talcum powder,796,1460,2341,2239
201.jpg,3264,2448,loreal smooth intense serum,36,194,2336,1068
201.jpg,3264,2448,patanjali aloe vera gel,459,1055,2399,1937
202.jpg,3264,2448,catch hing,2041,160,2786,592
202.jpg,3264,2448,good life hing,2054,621,2809,1047
202.jpg,3264,2448,emami mustard oil,473,1073,2809,1813
203.jpg,3264,2448,dabur chyawanprash 2x immunity,394,702,2536,1829
204.jpg,3264,2448,catch hing,1215,42,2691,844
204.jpg,3264,2448,everest hing,1451,847,2517,1502
204.jpg,3264,2448,good life hing,1257,1476,2604,2229
21.jpg,3264,2448,cinthol talcum powder,1015,108,1623,1629
21.jpg,3264,2448,ponds moisturizing lotion,1670,613,2217,1487
21.jpg,3264,2448,garnier cleansing water,1799,1463,2607,1965
219.jpg,3264,2448,ponds moisturizing lotion,962,1144,2225,1665
22.jpg,3264,2448,grofers room freshener,120,692,2462,1563
220.jpg,3264,2448,fair and handsome,1096,663,2191,1252
220.jpg,3264,2448,park avenue voyage perfume,115,1347,2183,2002
221.jpg,3264,2448,loreal smooth intense serum,696,460,2167,918
221.jpg,3264,2448,patanjali aloe vera gel,1036,913,2317,1350
221.jpg,3264,2448,kiwi express shine sponge,780,1365,1862,2200
222.jpg,3264,2448,dabur honey,1049,487,2080,1065
222.jpg,3264,2448,everest biryani masala,933,1129,2112,1818
222.jpg,3264,2448,dabur chyawanprash,478,1489,1009,1971
222.jpg,3264,2448,dabur chyawanprash 2x immunity,951,1789,1683,2158
222.jpg,3264,2448,catch garam masala,896,2168,2354,2434
223.jpg,3264,2448,dabur chyawanprash,628,37,2844,1092
223.jpg,3264,2448,dabur chyawanprash 2x immunity,817,1081,2662,2063
224.jpg,3264,2448,cinthol talcum powder,394,513,2567,1315
224.jpg,3264,2448,garnier cleansing water,799,1326,1807,1768
224.jpg,3264,2448,ponds moisturizing lotion,580,1750,1991,2368
225.jpg,3264,2448,cinthol talcum powder,699,252,2230,905
225.jpg,3264,2448,grofers room freshener,499,1308,2188,1834
225.jpg,3264,2448,yardley body spray,633,1726,2207,2173
226.jpg,3264,2448,catch garam masala,1017,660,3054,1994
227.jpg,3264,2448,loreal smooth intense serum,170,352,2423,1187
227.jpg,3264,2448,patanjali aloe vera gel,667,1176,2554,2050
228.jpg,3264,2448,yardley body spray,1573,415,1978,1855
228.jpg,3264,2448,grofers room freshener,873,1734,2523,2392
229.jpg,3264,2448,garnier cleansing water,246,865,2017,1723
23.jpg,3264,2448,everest hing,704,310,1915,1158
230.jpg,3264,2448,ponds moisturizing lotion,551,908,2457,1729
231.jpg,3264,2448,catch garam masala,1188,1484,2323,2171
231.jpg,3264,2448,everest biryani masala,1370,829,2180,1394
231.jpg,3264,2448,everest pav bhaji masala,812,813,1430,1247
231.jpg,3264,2448,catch kashmiri mirch,738,544,1833,823
232.jpg,3264,2448,savemore glass cleaner,23,329,2346,1334
232.jpg,3264,2448,fair and handsome,2323,734,2807,1958
232.jpg,3264,2448,park avenue voyage perfume,246,1531,2559,2268
233.jpg,3264,2448,savemore glass cleaner,73,255,2988,1263
233.jpg,3264,2448,grofers room freshener,538,1471,3246,2247
234.jpg,3264,2448,good life hing,1091,89,1778,1400
234.jpg,3264,2448,catch hing,115,710,1125,1360
234.jpg,3264,2448,kiwi express shine sponge,159,1408,1520,2250
235.jpg,3264,2448,orange coconut oil,1,794,1494,1423
235.jpg,3264,2448,patanjali aloe vera gel,1528,852,2612,1558
235.jpg,3264,2448,kiwi express shine sponge,944,1431,1878,2102
236.jpg,3264,2448,loreal smooth intense serum,336,1287,2720,2171
237.jpg,3264,2448,everest pav bhaji masala,678,729,2878,1963
238.jpg,3264,2448,ponds moisturizing lotion,423,955,2599,1821
239.jpg,3264,2448,dabur honey,7,644,1373,1542
24.jpg,3264,2448,catch kashmiri mirch,907,594,2309,1521
240.jpg,3264,2448,parachute hair cream,1144,1092,2251,2326
240.jpg,3264,2448,dabur anmol gold coconut oil,946,23,2441,905
241.jpg,3264,2448,parachute hair cream,1230,1447,2115,2179
241.jpg,3264,2448,dabur anmol gold coconut oil,1054,487,2457,1342
242.jpg,3264,2448,parachute hair cream,1270,1121,2025,1926
242.jpg,3264,2448,dabur anmol gold coconut oil,1241,321,2188,1042
243.jpg,3264,2448,parachute hair cream,1178,1405,2038,2097
243.jpg,3264,2448,dabur anmol gold coconut oil,833,447,2180,1326
244.jpg,3264,2448,parachute hair cream,1299,1152,2007,1965
244.jpg,3264,2448,dabur anmol gold coconut oil,1225,331,2191,1047
245.jpg,3264,2448,catch kashmiri mirch,546,739,2604,1858
246.jpg,3264,2448,catch kashmiri mirch,751,763,2586,1815
247.jpg,3264,2448,catch kashmiri mirch,641,652,2780,1979
248.jpg,3264,2448,catch kashmiri mirch,541,358,2823,1868
249.jpg,3264,2448,kiwi express shine sponge,1230,281,2607,1350
249.jpg,3264,2448,patanjali aloe vera gel,36,579,1517,2168
249.jpg,3264,2448,orange coconut oil,1644,1276,3264,2171
25.jpg,3264,2448,bourn vita,12,560,2659,2026
250.jpg,3264,2448,patanjali aloe vera gel,57,218,1520,2187
250.jpg,3264,2448,kiwi express shine sponge,1354,1202,2720,2273
250.jpg,3264,2448,orange coconut oil,1736,110,3264,1197
251.jpg,3264,2448,patanjali aloe vera gel,23,197,1665,1710
251.jpg,3264,2448,kiwi express shine sponge,1249,1187,2580,2371
251.jpg,3264,2448,orange coconut oil,1865,155,3264,1292
252.jpg,3264,2448,bourn vita,473,208,2120,2373
253.jpg,3264,2448,bourn vita,1241,194,2320,2447
254.jpg,3264,2448,emami mustard oil,717,42,2659,797
254.jpg,3264,2448,dabur chyawanprash,1320,868,2578,1439
254.jpg,3264,2448,dabur chyawanprash 2x immunity,1325,1471,2515,2055
255.jpg,3264,2448,bourn vita,1023,365,1575,1173
256.jpg,3264,2448,patanjali aloe vera gel,799,415,2549,2371
257.jpg,3264,2448,bourn vita,1528,5,2428,2350
258.jpg,3264,2448,bourn vita,1204,329,2073,2229
259.jpg,3264,2448,bourn vita,1583,2,2688,2437
26.jpg,3264,2448,ponds moisturizing lotion,962,565,2201,958
26.jpg,3264,2448,cinthol talcum powder,488,915,2383,1547
26.jpg,3264,2448,savemore glass cleaner,30,1518,2323,2210
260.jpg,3264,2448,patanjali chyawanprash,144,8,2554,992
260.jpg,3264,2448,dabur chyawanprash 2x immunity,12,1042,2491,2410
261.jpg,3264,2448,patanjali chyawanprash,478,8,2496,1368
261.jpg,3264,2448,dabur chyawanprash 2x immunity,112,1197,2209,2429
262.jpg,3264,2448,catch chicken masala,949,173,2938,2021
263.jpg,3264,2448,catch chicken masala,12,697,3246,2365
264.jpg,3264,2448,catch chicken masala,209,423,3191,2265
265.jpg,3264,2448,yardley body spray,767,465,2617,994
265.jpg,3264,2448,grofers room freshener,620,1110,2659,1902
266.jpg,3264,2448,amul spray milk powder,1257,123,2775,1255
266.jpg,3264,2448,bc gulab jamun,1230,1134,2567,2379
267.jpg,3264,2448,loreal smooth intense serum,357,1087,2517,1915
268.jpg,3264,2448,loreal smooth intense serum,433,1044,2544,2068
269.jpg,3264,2448,loreal smooth intense serum,738,558,3075,1439
27.jpg,3264,2448,yardley body spray,1441,615,1896,1687
27.jpg,3264,2448,grofers room freshener,928,1631,2299,2105
270.jpg,3264,2448,emami mustard oil,1338,608,2136,1010
270.jpg,3264,2448,dabur chyawanprash,1415,992,1970,1292
270.jpg,3264,2448,dabur chyawanprash 2x immunity,1344,1247,1862,1537
271.jpg,3264,2448,catch hing,828,400,1694,1160
271.jpg,3264,2448,catch chicken masala,4,379,1112,1423
271.jpg,3264,2448,kiwi express shine sponge,307,1500,1399,2308
271.jpg,3264,2448,grofers room freshener,1478,610,2809,2448
272.jpg,3264,2448,cinthol talcum powder,509,729,2338,1418
272.jpg,3264,2448,savemore glass cleaner,15,1431,2480,2218
273.jpg,3264,2448,ponds moisturizing lotion,649,947,2288,1558
274.jpg,3264,2448,bourn vita,423,655,2596,2034
275.jpg,3264,2448,bourn vita,467,265,3096,1942
276.jpg,3264,2448,dabur anmol gold coconut oil,1023,931,2386,1947
277.jpg,3264,2448,good life hing,1004,431,2338,1068
277.jpg,3264,2448,everest hing,1320,1134,2549,1826
278.jpg,3264,2448,amul spray milk powder,525,1010,2883,2448
279.jpg,3264,2448,dabur chyawanprash,186,671,2657,1939
28.jpg,3264,2448,fair and handsome,1004,642,2320,1239
28.jpg,3264,2448,park avenue voyage perfume,101,1281,2391,2037
280.jpg,3264,2448,dabur chyawanprash,241,618,2554,2152
281.jpg,3264,2448,bourn vita,486,365,2846,1763
282.jpg,3264,2448,bourn vita,533,476,2786,1755
283.jpg,3264,2448,bourn vita,538,739,2699,1910
284.jpg,3264,2448,yardley body spray,859,129,3033,1173
285.jpg,3264,2448,yardley body spray,396,1265,2738,1994
286.jpg,3264,2448,yardley body spray,288,1426,2825,2081
287.jpg,3264,2448,emami mustard oil,765,371,1644,2237
287.jpg,3264,2448,dabur chyawanprash,1678,689,2301,1952
287.jpg,3264,2448,dabur chyawanprash 2x immunity,2294,931,2830,2163
288.jpg,3264,2448,dabur chyawanprash 2x immunity,780,579,1207,1458
288.jpg,3264,2448,dabur chyawanprash,1196,742,1599,1621
288.jpg,3264,2448,emami mustard oil,1633,581,2257,1771
289.jpg,3264,2448,catch garam masala,741,1244,2265,2197
289.jpg,3264,2448,everest biryani masala,1009,237,2173,1134
29.jpg,3264,2448,emami mustard oil,9,958,2570,1823
29.jpg,3264,2448,good life hing,1512,381,2462,887
29.jpg,3264,2448,catch hing,1449,23,2473,384
290.jpg,3264,2448,catch hing,591,205,1423,897
290.jpg,3264,2448,everest hing,633,976,1391,1668
290.jpg,3264,2448,good life hing,657,1734,1475,2442
291.jpg,3264,2448,goodnight,1091,492,2017,1294
291.jpg,3264,2448,catch hing,1117,1510,1928,2200
292.jpg,3264,2448,grofers kishmish,723,300,2815,2252
293.jpg,3264,2448,cinthol talcum powder,183,147,3264,1339
293.jpg,3264,2448,garnier cleansing water,815,1384,2257,2002
293.jpg,3264,2448,ponds moisturizing lotion,301,2021,2504,2447
294.jpg,3264,2448,cinthol talcum powder,46,1123,3057,2244
294.jpg,3264,2448,garnier cleansing water,1054,505,2430,1063
294.jpg,3264,2448,ponds moisturizing lotion,844,2,2875,489
295.jpg,3264,2448,everest biryani masala,996,10,2651,1194
295.jpg,3264,2448,dabur honey,2228,1073,3264,1734
295.jpg,3264,2448,catch garam masala,2138,1697,3264,2437
296.jpg,3264,2448,dabur anmol gold coconut oil,523,605,1980,1597
297.jpg,3264,2448,dabur anmol gold coconut oil,1291,723,2649,1526
298.jpg,3264,2448,cinthol talcum powder,483,455,2654,1376
298.jpg,3264,2448,savemore glass cleaner,12,1355,2701,2255
299.jpg,3264,2448,everest biryani masala,20,447,2396,2058
300.jpg,3264,2448,goodnight,1325,813,2736,1684
301.jpg,3264,2448,goodnight,796,660,2233,1850
302.jpg,3264,2448,dabur chyawanprash,478,1360,1430,1876
302.jpg,3264,2448,dabur chyawanprash 2x immunity,1494,1279,2783,2297
302.jpg,3264,2448,emami mustard oil,78,639,1944,1284
302.jpg,3264,2448,good life hing,1483,321,2023,642
302.jpg,3264,2448,catch hing,1899,523,2291,1089
303.jpg,3264,2448,bc gulab jamun,1159,621,2459,1671
304.jpg,3264,2448,patanjali aloe vera gel,601,305,3230,1463
304.jpg,3264,2448,loreal smooth intense serum,738,1568,3264,2437
316.jpg,3264,2448,catch hing,233,8,1199,568
316.jpg,3264,2448,orange coconut oil,946,329,2473,1352
316.jpg,3264,2448,good life hing,1262,1300,2425,2176
317.jpg,3264,2448,emami mustard oil,454,387,1238,2358
317.jpg,3264,2448,dabur chyawanprash,1386,471,2007,1687
317.jpg,3264,2448,dabur chyawanprash 2x immunity,2036,505,2704,1694
318.jpg,3264,2448,patanjali chyawanprash,44,150,2930,2448
319.jpg,3264,2448,patanjali chyawanprash,141,894,2644,2323
320.jpg,3264,2448,good life hing,801,521,3173,1665
320.jpg,3264,2448,everest hing,1170,1789,2828,2423
321.jpg,3264,2448,park avenue voyage perfume,1117,471,3080,1165
321.jpg,3264,2448,fair and handsome,1141,1247,2183,1747
322.jpg,3264,2448,dabur honey,1073,479,2086,1052
322.jpg,3264,2448,everest biryani masala,946,1139,2130,1842
322.jpg,3264,2448,dabur chyawanprash,480,1500,1012,1952
322.jpg,3264,2448,catch garam masala,909,2087,2325,2439
323.jpg,3264,2448,dabur chyawanprash 2x immunity,394,223,2654,1384
323.jpg,3264,2448,dabur chyawanprash,183,1418,2830,2448
324.jpg,3264,2448,ponds moisturizing lotion,1067,5,2544,584
324.jpg,3264,2448,garnier cleansing water,1233,605,2257,1113
324.jpg,3264,2448,cinthol talcum powder,554,1105,2794,2055
325.jpg,3264,2448,cinthol talcum powder,1,2,3209,1321
325.jpg,3264,2448,garnier cleansing water,333,1260,1815,2139
327.jpg,3264,2448,catch garam masala,228,476,2065,1818
328.jpg,3264,2448,catch garam masala,675,76,3264,2448
329.jpg,3264,2448,catch garam masala,15,87,2736,1873
330.jpg,3264,2448,loreal smooth intense serum,180,350,2425,1158
330.jpg,3264,2448,patanjali aloe vera gel,667,1221,2583,2023
331.jpg,3264,2448,grofers room freshener,467,8,2651,552
331.jpg,3264,2448,yardley body spray,1186,400,1667,2276
332.jpg,3264,2448,grofers room freshener,607,13,2838,473
332.jpg,3264,2448,yardley body spray,1536,405,2167,2292
333.jpg,3264,2448,garnier cleansing water,30,742,2088,1858
334.jpg,3264,2448,catch garam masala,749,26,2228,897
334.jpg,3264,2448,everest biryani masala,873,973,2059,1723
334.jpg,3264,2448,everest pav bhaji masala,2065,1255,2773,1781
335.jpg,3264,2448,good life hing,1133,87,1778,1371
335.jpg,3264,2448,catch hing,141,729,1144,1355
335.jpg,3264,2448,kiwi express shine sponge,220,1408,1573,2229
337.jpg,3264,2448,good life hing,1049,15,1788,1413
337.jpg,3264,2448,catch hing,20,671,1104,1368
337.jpg,3264,2448,kiwi express shine sponge,28,1437,1586,2379
339.jpg,3264,2448,kiwi express shine sponge,1312,150,2323,929
339.jpg,3264,2448,patanjali aloe vera gel,557,500,1565,1697
339.jpg,3264,2448,orange coconut oil,1762,871,3264,1579
340.jpg,3264,2448,loreal smooth intense serum,349,1087,2983,2444
341.jpg,3264,2448,loreal smooth intense serum,175,1300,2870,2271
342.jpg,3264,2448,loreal smooth intense serum,586,1247,2891,2173
343.jpg,3264,2448,everest pav bhaji masala,44,13,3007,2055
344.jpg,3264,2448,everest pav bhaji masala,20,15,3215,1773
345.jpg,3264,2448,everest pav bhaji masala,25,518,3183,2279
346.jpg,3264,2448,ponds moisturizing lotion,475,476,3088,1600
347.jpg,3264,2448,ponds moisturizing lotion,441,650,3159,1813
348.jpg,3264,2448,dabur honey,2025,1073,3264,2347
350.jpg,3264,2448,orange coconut oil,17,37,1491,1163
350.jpg,3264,2448,kiwi express shine sponge,501,1184,2025,2429
350.jpg,3264,2448,patanjali aloe vera gel,1591,26,3251,1737
351.jpg,3264,2448,ponds moisturizing lotion,1409,8,2138,1308
351.jpg,3264,2448,garnier cleansing water,765,1289,2357,2087
351.jpg,3264,2448,cinthol talcum powder,15,555,678,1973
353.jpg,3264,2448,orange coconut oil,17,294,1633,1218
353.jpg,3264,2448,patanjali aloe vera gel,1749,460,3054,1792
353.jpg,3264,2448,kiwi express shine sponge,907,1176,1965,2063
354.jpg,3264,2448,kiwi express shine sponge,999,8,2854,1176
354.jpg,3264,2448,patanjali aloe vera gel,20,508,1486,2448
354.jpg,3264,2448,orange coconut oil,1841,1234,3264,2400
355.jpg,3264,2448,yardley body spray,975,734,2236,1137
355.jpg,3264,2448,grofers room freshener,738,1179,2288,1639
356.jpg,3264,2448,grofers room freshener,1380,715,2717,1373
356.jpg,3264,2448,yardley body spray,1415,1423,2580,1958
357.jpg,3264,2448,yardley body spray,1038,915,2183,1326
357.jpg,3264,2448,grofers room freshener,888,1371,2194,1797
358.jpg,3264,2448,loreal smooth intense serum,273,800,2833,1663
359.jpg,3264,2448,patanjali chyawanprash,338,410,1649,1602
359.jpg,3264,2448,bourn vita,428,1465,2417,2437
360.jpg,3264,2448,garnier cleansing water,107,729,3083,1794
360.jpg,3264,2448,ponds moisturizing lotion,33,1752,3141,2437
361.jpg,3264,2448,ponds moisturizing lotion,320,123,2999,1502
361.jpg,3264,2448,garnier cleansing water,465,1315,2254,2431
362.jpg,3264,2448,good life hing,712,415,1475,1055
362.jpg,3264,2448,everest hing,701,1063,1375,1555
362.jpg,3264,2448,catch hing,575,1608,1373,2131
363.jpg,3264,2448,catch hing,1812,476,2486,839
363.jpg,3264,2448,everest hing,1851,897,2430,1287
363.jpg,3264,2448,good life hing,1817,1315,2496,1760
364.jpg,3264,2448,catch hing,2304,300,2799,758
364.jpg,3264,2448,everest hing,2320,834,2765,1268
364.jpg,3264,2448,good life hing,2296,1321,2809,1829
365.jpg,3264,2448,amul spray milk powder,1262,415,2636,1350
365.jpg,3264,2448,bc gulab jamun,1307,1315,2515,2255
366.jpg,3264,2448,patanjali chyawanprash,1241,423,3109,1608
367.jpg,3264,2448,patanjali chyawanprash,65,742,1783,2300
368.jpg,3264,2448,patanjali chyawanprash,959,160,3001,1742
369.jpg,3264,2448,patanjali chyawanprash,1188,426,3104,1629
371.jpg,3264,2448,patanjali chyawanprash,1199,371,3083,1592
372.jpg,3264,2448,patanjali chyawanprash,38,1087,2170,2305
373.jpg,3264,2448,grofers kishmish,896,444,3101,2284
374.jpg,3264,2448,good life hing,44,523,946,1005
374.jpg,3264,2448,orange coconut oil,475,1010,1538,2334
374.jpg,3264,2448,catch hing,1396,847,1791,1600
374.jpg,3264,2448,grofers room freshener,828,31,2867,502
374.jpg,3264,2448,kiwi express shine sponge,2004,487,2862,1094
374.jpg,3264,2448,catch chicken masala,1815,926,2694,2176
375.jpg,3264,2448,orange coconut oil,1675,376,2691,1581
375.jpg,3264,2448,catch chicken masala,275,639,1438,1613
375.jpg,3264,2448,catch hing,1465,1197,1838,1787
375.jpg,3264,2448,kiwi express shine sponge,401,1576,1323,1992
375.jpg,3264,2448,grofers room freshener,559,2005,2299,2387
375.jpg,3264,2448,good life hing,2201,1673,3094,2013
376.jpg,3264,2448,savemore glass cleaner,846,37,3212,700
376.jpg,3264,2448,cinthol talcum powder,1036,784,2901,1526
376.jpg,3264,2448,ponds moisturizing lotion,1159,1552,2428,2076
52.jpg,3264,2448,bc gulab jamun,465,179,1744,1102
52.jpg,3264,2448,amul spray milk powder,330,1092,1780,1950
53.jpg,3264,2448,catch hing,554,358,1770,1034
53.jpg,3264,2448,good life hing,425,1447,1562,2015
54.jpg,3264,2448,bourn vita,420,87,2478,1060
54.jpg,3264,2448,patanjali chyawanprash,988,1013,2630,1889
55.jpg,3264,2448,patanjali chyawanprash,738,589,2667,1631
55.jpg,3264,2448,bourn vita,115,5,2759,634
56.jpg,3264,2448,patanjali aloe vera gel,807,858,2096,1439
57.jpg,3264,2448,ponds moisturizing lotion,446,952,2546,1763
58.jpg,3264,2448,ponds moisturizing lotion,1501,460,2130,2184
59.jpg,3264,2448,orange coconut oil,36,818,1749,1400
59.jpg,3264,2448,kiwi express shine sponge,1136,1387,2017,2071
59.jpg,3264,2448,patanjali aloe vera gel,1778,787,2873,1997
6.jpg,3264,2448,garnier cleansing water,665,429,2615,1344
6.jpg,3264,2448,ponds moisturizing lotion,130,1289,2923,2384
60.jpg,3264,2448,emami mustard oil,1486,515,2512,871
60.jpg,3264,2448,dabur chyawanprash,1765,908,2407,1189
60.jpg,3264,2448,dabur chyawanprash 2x immunity,1699,1200,2365,1518
61.jpg,3264,2448,kiwi express shine sponge,657,1389,1278,1860
61.jpg,3264,2448,loreal smooth intense serum,1136,873,1839,1415
61.jpg,3264,2448,patanjali aloe vera gel,1109,1263,1757,1776
62.jpg,3264,2448,yardley body spray,1451,615,1833,1679
62.jpg,3264,2448,grofers room freshener,967,1655,2201,2097
63.jpg,3264,2448,catch hing,1562,326,2583,844
63.jpg,3264,2448,everest hing,1657,944,2538,1537
63.jpg,3264,2448,good life hing,1578,1587,2673,2255
64.jpg,3264,2448,dabur anmol gold coconut oil,625,1460,1933,2405
64.jpg,3264,2448,parachute hair cream,633,244,1917,1273
65.jpg,3264,2448,kiwi express shine sponge,657,194,2288,1221
65.jpg,3264,2448,loreal smooth intense serum,738,1221,2675,1981
66.jpg,3264,2448,dabur honey,494,726,1962,1497
67.jpg,3264,2448,emami mustard oil,212,881,2757,1789
68.jpg,3264,2448,garnier cleansing water,1359,650,2178,1105
68.jpg,3264,2448,ponds moisturizing lotion,2133,523,2665,2000
68.jpg,3264,2448,cinthol talcum powder,357,1258,2178,2023
69.jpg,3264,2448,orange coconut oil,44,337,1601,1097
69.jpg,3264,2448,kiwi express shine sponge,965,1076,1999,1660
69.jpg,3264,2448,loreal smooth intense serum,1141,1652,2483,2173
7.jpg,3264,2448,catch hing,1754,450,2565,852
7.jpg,3264,2448,everest hing,1773,902,2551,1273
7.jpg,3264,2448,good life hing,1730,1297,2620,1755
70.jpg,3264,2448,ponds moisturizing lotion,2191,431,2915,2234
71.jpg,3264,2448,patanjali aloe vera gel,1567,589,2515,1029
71.jpg,3264,2448,kiwi express shine sponge,1546,1029,2196,1639
71.jpg,3264,2448,orange coconut oil,688,844,1641,2081
71.jpg,3264,2448,loreal smooth intense serum,2362,1829,3230,2292
72.jpg,3264,2448,orange coconut oil,973,210,2507,894
72.jpg,3264,2448,catch hing,1373,802,2004,1405
72.jpg,3264,2448,catch chicken masala,607,792,1530,1568
72.jpg,3264,2448,kiwi express shine sponge,807,1613,1625,2110
72.jpg,3264,2448,grofers room freshener,1280,1637,3044,2439
73.jpg,3264,2448,cinthol talcum powder,154,23,2015,860
73.jpg,3264,2448,savemore glass cleaner,7,865,2175,1529
74.jpg,3264,2448,bourn vita,499,108,2299,955
74.jpg,3264,2448,patanjali chyawanprash,938,929,2370,1702
75.jpg,3264,2448,everest hing,854,671,1494,1087
75.jpg,3264,2448,good life hing,844,1134,1594,1552
76.jpg,3264,2448,kiwi express shine sponge,430,526,1778,1297
76.jpg,3264,2448,loreal smooth intense serum,494,1323,2123,1902
77.jpg,3264,2448,yardley body spray,1196,787,2601,1273
77.jpg,3264,2448,grofers room freshener,1025,1302,2583,1739
8.jpg,3264,2448,loreal smooth intense serum,1033,484,2217,968
8.jpg,3264,2448,patanjali aloe vera gel,1125,844,2328,1273
8.jpg,3264,2448,kiwi express shine sponge,928,1221,1828,1721
9.jpg,3264,2448,bc gulab jamun,694,158,2051,1139
9.jpg,3264,2448,amul spray milk powder,665,1110,2133,2094
94.jpg,3264,2448,yardley body spray,1588,384,1970,1829
94.jpg,3264,2448,grofers room freshener,859,1742,2525,2347
95.jpg,3264,2448,emami mustard oil,891,123,2899,858
95.jpg,3264,2448,dabur chyawanprash,1523,1052,2823,1626
95.jpg,3264,2448,dabur chyawanprash 2x immunity,1546,1689,2796,2334
96.jpg,3264,2448,fair and handsome,849,697,2696,1468
97.jpg,3264,2448,emami mustard oil,49,489,2636,1450
98.jpg,3264,2448,cinthol talcum powder,588,179,2386,947
98.jpg,3264,2448,grofers room freshener,409,1376,2362,1973
98.jpg,3264,2448,yardley body spray,573,1863,2320,2371
99.jpg,3264,2448,amul spray milk powder,444,244,2180,1510
